
{
    "39200403" : [
        {
            "type" : "CEntityGroupTrigger",
            "id"   : 100,
            "isAutoStart" : true,
            "list"        : [
                {
                    "type" : "CElemGroupTrigger",
                    "delay" : 0.0,
                    "event" : [
                    ],
                    "birthPoint" : [
                        {
                            "entityID" : 3000002,
                            "position" : [
                                -25.4099998474121,
                                4.90999984741211,
                                0.180000007152557
                            ],
                            "rotation" : [
                                0.0,
                                0.0,
                                0.0
                            ],
                            "scene"    : "39200403"
                        },
                        {
                            "entityID" : 3000005,
                            "position" : [
                                -25.9599990844727,
                                4.65999984741211,
                                1.72000002861023
                            ],
                            "rotation" : [
                                0.0,
                                0.0,
                                0.0
                            ],
                            "scene"    : "39200403",
                            "relevanceID" : 1001
                        },
                        {
                            "entityID" : 3000004,
                            "position" : [
                                -25.4099998474121,
                                40.9099998474121,
                                0.180000007152557
                            ],
                            "rotation" : [
                                0.0,
                                0.0,
                                0.0
                            ],
                            "scene"    : "39200403"
                        },
                        {
                            "entityID" : 3000005,
                            "position" : [
                                14.5500001907349,
                                3.23000001907349,
                                1.32000005245209
                            ],
                            "rotation" : [
                                0.0,
                                0.0,
                                0.0
                            ],
                            "scene"    : "39200403",
                            "relevanceID" : 1002
                        },
                        {
                            "entityID" : 3000007,
                            "position" : [
                                16.6299991607666,
                                3.47000002861023,
                                -0.300000011920929
                            ],
                            "rotation" : [
                                0.0,
                                0.0,
                                0.0
                            ],
                            "scene"    : "39200403",
                            "triggerSize" : [
                                1.0,
                                1.0,
                                18.0
                            ],
                            "triggerCenter" : [
                                0.0,
                                0.0,
                                0.0
                            ]
                        }
                    ],
                    "groupID"    : 100
                }
            ]
        },
        {
            "type" : "CEntityGroupTrigger",
            "id"   : 200,
            "isAutoStart" : true,
            "list"        : [
                {
                    "type" : "CElemGroupTrigger",
                    "delay" : 0.0,
                    "event" : [
                    ],
                    "birthPoint" : [
                        {
                            "entityID" : 1010001,
                            "position" : [
                                -15.1508455276489,
                                4.5,
                                0.119017347693443
                            ],
                            "rotation" : [
                                0.0,
                                0.0,
                                4.68608493829798
                            ],
                            "scene"    : "39200403"
                        },
                        {
                            "entityID" : 1010002,
                            "position" : [
                                -6.38000011444092,
                                2.27999997138977,
                                -2.9300000667572
                            ],
                            "rotation" : [
                                0.0,
                                0.0,
                                4.7481744085843
                            ],
                            "scene"    : "39200403"
                        },
                        {
                            "entityID" : 1010005,
                            "position" : [
                                -0.490000009536743,
                                2.25,
                                4.73999977111816
                            ],
                            "rotation" : [
                                0.0,
                                0.0,
                                4.69513489231428
                            ],
                            "scene"    : "39200403"
                        },
                        {
                            "entityID" : 1010006,
                            "position" : [
                                -0.620000004768372,
                                2.28999996185303,
                                2.50999999046326
                            ],
                            "rotation" : [
                                0.0,
                                0.0,
                                4.75756311669127
                            ],
                            "scene"    : "39200403"
                        },
                        {
                            "entityID" : 1010007,
                            "position" : [
                                7.88000011444092,
                                2.26999998092651,
                                3.21000003814697
                            ],
                            "rotation" : [
                                0.0,
                                0.0,
                                4.7173797442675
                            ],
                            "scene"    : "39200403"
                        }
                    ],
                    "groupID"    : 200
                },
                {
                    "type" : "CElemGroupTrigger",
                    "delay" : 0.0,
                    "event" : [
                    ],
                    "birthPoint" : [
                        {
                            "entityID" : 1010003,
                            "position" : [
                                21.8643474578857,
                                2.51999998092651,
                                7.52387046813965
                            ],
                            "rotation" : [
                                0.0,
                                0.0,
                                2.57122823661748
                            ],
                            "scene"    : "39200403"
                        },
                        {
                            "entityID" : 1010004,