
{
    "99999999" : [
        {
            "type" : "CEntityGroupTrigger",
            "id"   : 0,
            "isAutoStart" : true,
            "list"        : [
                {
                    "type" : "CElemGroupTrigger",
                    "delay" : 0.0,
                    "event" : [
                    ],
                    "birthPoint" : [
                        {
                            "entityID" : 3000001,
                            "position" : [
                                2.5,
                                -3.17000007629395,
                                -79.7600021362305
                            ],
                            "rotation" : [
                                0.0,
                                0.0,
                                0.0
                            ],
                            "scene"    : "99999999"
                        },
                        {
                            "entityID" : 1000001,
                            "position" : [
                                1.98000001907349,
                                -2.44000005722046,
                                -30.1499996185303
                            ],
                            "rotation" : [
                                0.0,
                                0.0,
                                0.0
                            ],
                            "scene"    : "99999999"
                        },
                        {
                            "entityID" : 1000001,
                            "position" : [
                                22.3600006103516,
                                -4.57000017166138,
                                -28.4500007629395
                            ],
                            "rotation" : [
                                0.0,
                                0.0,
                                0.0
                            ],
                            "scene"    : "99999999"
                        },
                        {
                            "entityID" : 1000001,
                            "position" : [
                                -20.7900009155273,
                                -4.59999990463257,
                                -26.5200004577637
                            ],
                            "rotation" : [
                                0.0,
                                0.0,
                                0.0
                            ],
                            "scene"    : "99999999"
                        },
                        {
                            "entityID" : 1000001,
                            "position" : [
                                -27.7600002288818,
                                -4.63000011444092,
                                -19.4500007629395
                            ],
                            "rotation" : [
                                0.0,
                                0.0,
                                0.0
                            ],
                            "scene"    : "99999999"
                        },
                        {
                            "entityID" : 1000001,
                            "position" : [
                                26.8700008392334,
                                -4.61999988555908,
                                -19.1900005340576
                            ],
                            "rotation" : [
                                0.0,
                                0.0,
                                0.0
                            ],
                            "scene"    : "99999999"
                        },
                        {
                            "entityID" : 1000001,
                            "position" : [
                                2.38000011444092,
                                0.430000007152557,
                                -6.69000005722046
                            ],
                            "rotation" : [
                                0.0,
                                0.0,
                                0.0
                            ],
                            "scene"    : "99999999"
                        },
                        {
                            "entityID" : 1000001,
                            "position" : [
                                47.5099983215332,
                                -4.57999992370605,
                                19.0
                            ],
                            "rotation" : [
                                0.0,
                                0.0,
                                0.0
                            ],
                            "scene"    : "99999999"
                        },
                        {
                            "entityID" : 1000001,
                            "position" : [
                                -39.1599998474121,
                                -4.51999998092651,
                                1.71000003814697
                            ],
                            "rotation" : [
                                0.0,
                                0.0,
                                0.0
                            ],
                            "scene"    : "99999999"
                        },
                        {
                            "entityID" : 1000001,
                            "position" : [
                                3.20000004768372,
                                3.41000008583069,
                                21.0799999237061
                            ],
                            "rotation" : [
                                0.0,
                                0.0,
                                0.0
                            ],
                            "scene"    : "99999999"
                        },
                        {
                            "entityID" : 1000001,
                            "position" : [
                                23.8400001525879,
                                3.61999988555908,
                                33.8800010681152
                            ],
                            "rotation" : [
                                0.0,
                                0.0,
                                0.0
                            ],
                            "scene"    : "99999999"
                        },
                        {
                            "entityID" : 1000001,
                            "position" : [
                                -17.5799999237061,
                                3.51999998092651,
                                39.0699996948242
                            ],
                            "rotation" : [
                                0.0,
                                0.0,
                                0.0
                            ],
                            "scene"    : "99999999"
                        },
                        {
                            "entityID" : 1000001,
                            "position" : [
                                2.59999990463257,
                                3.54999995231628,
                                55.7000007629395
                            ],
                            "rotation" : [
                                0.0,
                                0.0,
                                0.0
                            ],
                            "scene"    : "99999999"
                        },
                        {
                            "entityID" : 1000001,
                            "position" : [
                                16.5,
                                0.5,
                                80.1500015258789
                            ],